<?xml version="1.0" encoding="UTF-8"?>
<project-private xmlns="http://www.netbeans.org/ns/project-private/1">
    <editor-bookmarks xmlns="http://www.netbeans.org/ns/editor-bookmarks/2" lastBookmarkId="0"/>
    <open-files xmlns="http://www.netbeans.org/ns/projectui-open-files/2">
        <group>
            <file>file:/D:/Users/andre.luchesi/Downloads/Aula%20validacao%202/AulaValidacao/AulaValidacao/src/util/validacoes/ValidatorCPF.java</file>
            <file>file:/D:/Users/andre.luchesi/Downloads/Aula%20validacao%202/AulaValidacao/AulaValidacao/src/controle/ControlePessoa.java</file>
            <file>file:/D:/Users/andre.luchesi/Downloads/Aula%20validacao%202/AulaValidacao/AulaValidacao/test/modelo/PessoaTest.java</file>
            <file>file:/D:/Users/andre.luchesi/Downloads/Aula%20validacao%202/AulaValidacao/AulaValidacao/test/controle/ControlePessoaTest.java</file>
            <file>file:/D:/Users/andre.luchesi/Downloads/Aula%20validacao%202/AulaValidacao/AulaValidacao/src/util/validacoes/CPF.java</file>
        </group>
    </open-files>
</project-private>
