<?xml version="1.0" encoding="UTF-8"?>
<project-private xmlns="http://www.netbeans.org/ns/project-private/1">
    <editor-bookmarks xmlns="http://www.netbeans.org/ns/editor-bookmarks/2" lastBookmarkId="0"/>
    <open-files xmlns="http://www.netbeans.org/ns/projectui-open-files/2">
        <group>
            <file>file:/D:/Users/andre.luchesi/Downloads/AulaValidacao/AulaValidacao/test/modelo/PessoaTest.java</file>
            <file>file:/D:/Users/andre.luchesi/Downloads/AulaValidacao/AulaValidacao/src/principal/AulaValidacao.java</file>
            <file>file:/D:/Users/andre.luchesi/Downloads/AulaValidacao/AulaValidacao/src/persistencia/DAO.java</file>
            <file>file:/D:/Users/andre.luchesi/Downloads/AulaValidacao/AulaValidacao/src/modelo/Pessoa.java</file>
            <file>file:/D:/Users/andre.luchesi/Downloads/AulaValidacao/AulaValidacao/src/persistencia/DaoPessoa.java</file>
            <file>file:/D:/Users/andre.luchesi/Downloads/AulaValidacao/AulaValidacao/src/persistencia/DaoEndereco.java</file>
            <file>file:/D:/Users/andre.luchesi/Downloads/AulaValidacao/AulaValidacao/src/modelo/Entidade.java</file>
            <file>file:/D:/Users/andre.luchesi/Downloads/AulaValidacao/AulaValidacao/src/modelo/Endereco.java</file>
        </group>
    </open-files>
</project-private>
