<?xml version="1.0" encoding="UTF-8"?>
<project-private xmlns="http://www.netbeans.org/ns/project-private/1">
    <editor-bookmarks xmlns="http://www.netbeans.org/ns/editor-bookmarks/2" lastBookmarkId="0"/>
    <open-files xmlns="http://www.netbeans.org/ns/projectui-open-files/2">
        <group>
            <file>file:/D:/Users/andre.luchesi/Documents/NetBeansProjects/Aula/src/META-INF/persistence.xml</file>
            <file>file:/D:/Users/andre.luchesi/Documents/NetBeansProjects/Aula/src/modelo/Aluno.java</file>
            <file>file:/D:/Users/andre.luchesi/Documents/NetBeansProjects/Aula/src/principal/Main.java</file>
            <file>file:/D:/Users/andre.luchesi/Documents/NetBeansProjects/Aula/src/modelo/Curso.java</file>
            <file>file:/D:/Users/andre.luchesi/Documents/NetBeansProjects/Aula/src/persistencia/ConexaoBD.java</file>
            <file>file:/D:/Users/andre.luchesi/Documents/NetBeansProjects/Aula/src/modelo/Disciplina.java</file>
        </group>
    </open-files>
</project-private>
